Austin, TX
Denver, CO
Colorado Springs, CO
Fayetteville, AR
Des Moines, IA
San Francisco, CA
Portland, OR
Seattle, WA
Huntsville, AL
Madison, WI
Grand Rapids, MI
San Jose, CA
Nashville, TN
Asheville, NC
Boise, ID
Sarasota, FL
Washington, DC
Charlotte, NC
Dallas-Fort Worth, TX
Greenville, SC
Portland, ME
Salt Lake City, UT
Melbourne, FL
Phoenix, AZ
Boston, MA
Albany, NY
Houston, TX
Winston-Salem, NC
Omaha, NE
Reno, NV
San Antonio, TX
Fort Myers, FL
San Diego, CA
Pensacola, FL
Indianapolis, IN
Cincinnati, OH
Fort Wayne, IN
Lansing, MI
Jacksonville, FL
Manchester, NH
Harrisburg, PA
Charleston, SC
Knoxville, TN
Hartford, CT
Lancaster, PA
Kansas City, MO
Pittsburgh, PA
Columbus, OH
Buffalo, NY
Richmond, VA
Syracuse, NY
Chattanooga, TN
Tampa, FL
Atlanta, GA
Rochester, NY
Lakeland, FL
Honolulu, HI
Milwaukee, WI
Worcester, MA
Orlando, FL
Louisville, KY
Spokane, WA
Greensboro, NC
Columbia, SC
Oklahoma City, OK
Dayton, OH
Anchorage, AK
Las Vegas, NV
Augusta, GA
Santa Barbara, CA
Santa Rosa, CA
Myrtle Beach, SC
Tucson, AZ
Salem, OR
Port St Lucie, FL
Wichita, KS
Springfield, MO
St Louis, MO
Sacramento, CA
Tulsa, OK
Reading, PA
Cleveland, OH
Springfield, MA
York, PA
Little Rock, AR
Birmingham, AL
New York City, NY
Providence, RI
Detroit, MI
Allentown, PA
Toledo, OH
New Haven, CT
Lafayette, LA
Youngstown, OH
Scranton, PA
Daytona Beach, FL
Baltimore, MD
Killeen, TX
Philadelphia, PA
Virginia Beach, VA
Chicago, IL
Corpus Christi, TX
Albuquerque, NM
Los Angeles, CA
Beaumont, TX
Baton Rouge, LA
El Paso, TX
Jackson, MS
McAllen, TX
Miami, FL
New Orleans, LA
Flint, MI
Brownsville, TX
Salinas, CA
Memphis, TN
Fresno, CA
Modesto, CA
Shreveport, LA
Stockton, CA
Bakersfield, CA